/v2/accounts/2TAGETW5B7JZNGU54PSQTMXDUBFEABXEP6ZTULZONNYPADQQAY7QBJABUM?exclude=created-assets,created-apps&include-all=false
/v2/accounts/3WT6YVLQY2WSQ6VLX73MJB7BI3CGBDTB2KKAAFZ2CZQJUFUCIOMUN2K24U
/v2/accounts/3YZSQZVT2IRE4X7NMDTWCHOBX6AD3HNQDT3M3LSVXPJU7YWOZLAF2VWZ74?exclude=created-assets,created-apps&include-all=false
/v2/accounts/6PAUQLIQ3CXTRO272SYVC2W7EXYGGFFE5D6CM2MIJK5LSMNDETGBJVGZLU/assets
/v2/accounts/6PAUQLIQ3CXTRO272SYVC2W7EXYGGFFE5D6CM2MIJK5LSMNDETGBJVGZLU/assets?next=1438973644
/v2/accounts/6PAUQLIQ3CXTRO272SYVC2W7EXYGGFFE5D6CM2MIJK5LSMNDETGBJVGZLU?exclude=assets%2Ccreated-assets
/v2/accounts/ANSQ7YCHXTUEGD5BWVLU7GXTSNSLG3LQTZBI6EKKMYZXUFM45SSIEND44Y
/v2/accounts?application-id=1002541853&limit=500&next=HJRTUQ7GISD3XPI26UIGQ5DUXF5NL4X62XGFJF34S7ZKS74V63MEUAUZ7Y
/v2/accounts?application-id=686541542&asset-id=686505742&currency-greater-than=0
/v2/accounts?application-id=686541542&asset-id=686505742&currency-greater-than=0&next=7OASEYC32BP7RLYSG5QVRE5QKWS7NNCN67I24URBIWDUDMP7EGLS6TQQDY
/v2/accounts?application-id=686544126&asset-id=686508050&currency-greater-than=0
/v2/accounts?application-id=686544126&asset-id=686508050&currency-greater-than=0&next=724AHHKOZU272EQU2BYF53GU7C7YOVQT6ZQHD476RVGUL6UTE3KW6H4M4I
/v2/accounts?application-id=686556017&asset-id=686505742&currency-greater-than=0
/v2/accounts?application-id=686556017&asset-id=686505742&currency-greater-than=0&next=7LT4BVWMWPRPHH3X34XRPYFULJ7AJYDQGFHFZ6HK4A23SAHPYY6XZGBVSI
/v2/accounts?application-id=686556570&asset-id=686509463&currency-greater-than=0
/v2/accounts?application-id=686556570&asset-id=686509463&currency-greater-than=0&next=EGZTYU7HCFGKNCHRO3CSJ5X6PJJHZHQ6P6IAKRTWUOXL4QB7BBPCISJCOY
/v2/accounts?application-id=686565241&asset-id=686505742&currency-greater-than=0
/v2/accounts?application-id=686571823&asset-id=686508050&currency-greater-than=0
/v2/accounts?application-id=686571823&asset-id=686508050&currency-greater-than=0&next=TVEMWUGB46EBEFSW4V6OA2NOV67FT7RGATO6HNYCBUJGZDOM64UMUF45FE
/v2/accounts?application-id=686572578&asset-id=686509463&currency-greater-than=0
/v2/accounts?application-id=686572578&asset-id=686509463&currency-greater-than=0&next=7NK6MYSQMTSMYSAGUAG2KMGRAZD7CPDA4RSJUM43GS26G2PF6XTRJ4FKJY
/v2/accounts?application-id=686577278&asset-id=686508050&currency-greater-than=0
/v2/accounts?application-id=686577278&asset-id=686508050&currency-greater-than=0&next=2OGRCFIYN2Y7PR5FWL33ELVI3DZ6N4S3WQE2OK7KVFV2J5GGIGKXSC4RM4
/v2/accounts?application-id=686578002&asset-id=686510134&currency-greater-than=0
/v2/accounts?application-id=686578002&asset-id=686510134&currency-greater-than=0&next=NFXVYXSIKERRTWPOAGBLJFAF2463RRKMEZKQ3JQHHTKETNVT3HVOWRGM24
/v2/accounts?application-id=686616139&asset-id=686509463&currency-greater-than=0
/v2/accounts?application-id=686616139&asset-id=686509463&currency-greater-than=0&next=ZFCANVW2XW2KLXG5AQH2MDJZN7QTUO4VC4RY4NZEMLRRKLEQD36JFRWYCI
/v2/accounts?application-id=686616739&asset-id=686510134&currency-greater-than=0
/v2/accounts?application-id=686616739&asset-id=686510134&currency-greater-than=0&next=D5KEHOJ7LPFHA4OFET6CHVSHMC22U3RSJSIBVWJCJ44UJGSI3VN52Y72WE
/v2/accounts?application-id=694502241&asset-id=694474015&currency-greater-than=0
/v2/accounts?application-id=694502241&asset-id=694474015&currency-greater-than=0&next=3YCM5RR673OZLBXDUFTHGI353Q2T5FMONOISIQ3CIVRS6LZPBZKGTL53WQ
/v2/accounts?application-id=694505855&asset-id=694474015&currency-greater-than=0
/v2/accounts?application-id=694505855&asset-id=694474015&currency-greater-than=0&next=TORXASY6IOYTAFGBB3Q6TDIFAOUAU2BMOPC3CFOGNNPOW5QULW26HJ5XCQ
/v2/accounts?application-id=694509879&asset-id=694474015&currency-greater-than=0
/v2/accounts?application-id=694511513&asset-id=694474015&currency-greater-than=0
/v2/accounts?application-id=694511513&asset-id=694474015&currency-greater-than=0&next=KLJ7JRM22ROMONT5I545A2FQDGXUEBW4BBROYLB2LTERHPEEWKGGHILG5M
/v2/accounts?application-id=695912626&asset-id=694408528&currency-greater-than=0
/v2/accounts?application-id=695914630&asset-id=686505742&currency-greater-than=0
/v2/accounts?application-id=695914630&asset-id=686505742&currency-greater-than=0&next=6KPO2LH6NS5C3IXW4PJZKFCU7VIFN6J7WKQCKICN335BICGDLU5WFCNXKA
/v2/accounts?application-id=695919152&asset-id=694408528&currency-greater-than=0
/v2/accounts?application-id=695921655&asset-id=686508050&currency-greater-than=0
/v2/accounts?application-id=695921655&asset-id=686508050&currency-greater-than=0&next=PJC7V6ZLWTSJ7W26K3BYVWQAVNJ4EUSJU5OZZ5BKRQ3YDEA7L2P7VFRHWI
/v2/accounts?application-id=695924150&asset-id=694408528&currency-greater-than=0
/v2/accounts?application-id=695926008&asset-id=686509463&currency-greater-than=0
/v2/accounts?application-id=695926008&asset-id=686509463&currency-greater-than=0&next=XQS4Q4C25QT6O6F44MIJKNGM6CU7AQLSPC2SDXUG7QEDF4ZMAPKTQW4WIE
/v2/accounts?application-id=695953758&asset-id=694408528&currency-greater-than=0
/v2/accounts?application-id=695954993&asset-id=686510134&currency-greater-than=0
/v2/accounts?application-id=695956892&asset-id=694474015&currency-greater-than=0
/v2/accounts?application-id=695956892&asset-id=694474015&currency-greater-than=0&next=4LXSJ2EEAK4C2ABLJS2N5USJPYUCM7CD7BJ67QMSCMCQW2GNWYTI3YHQRQ
/v2/accounts?application-id=743705087&asset-id=743689704&currency-greater-than=0
/v2/accounts?application-id=743708357&asset-id=743689819&currency-greater-than=0
/v2/accounts?application-id=743709872&asset-id=743689819&currency-greater-than=0
/v2/accounts?application-id=743710958&asset-id=743689704&currency-greater-than=0
/v2/accounts?application-id=747248418&asset-id=747244426&currency-greater-than=0&next=2JFBZTQI4KKTHD4QTNI7PYZKLQWO2NVB3JOR62NZAA2QCWP3ZWBK6Z5SCI
/v2/accounts?application-id=747250540&asset-id=747244580&currency-greater-than=0
/v2/accounts?application-id=747250540&asset-id=747244580&currency-greater-than=0&next=5MFB6AWEAS7PJYA5EFJRG65PHLHTWF4HPWSH3GLKF65SMPVNPYNJXD6RZ4
/v2/accounts?application-id=747252072&asset-id=747244426&currency-greater-than=0
/v2/accounts?application-id=747252072&asset-id=747244426&currency-greater-than=0&next=C63WP377TAAVTYW62KOGOCLA5EEYEK5DEWQ5JFQKNZYDMGGSECLTBEDRJY
/v2/accounts?application-id=747253010&asset-id=747244580&currency-greater-than=0
/v2/accounts?application-id=747254560&asset-id=747244580&currency-greater-than=0
/v2/accounts?application-id=747255122&asset-id=747244426&currency-greater-than=0
/v2/accounts?application-id=751335351&asset-id=751289888&currency-greater-than=0
/v2/accounts?application-id=751337142&asset-id=686505742&currency-greater-than=0
/v2/accounts?application-id=751337142&asset-id=686505742&currency-greater-than=0&next=4Z5UVYGGATSIN2Q3VKT4DXPQ33OMNJ5YHTIH4YWFZVGKDT2LUZ6L3FFQFU
/v2/accounts?application-id=751338512&asset-id=686508050&currency-greater-than=0
/v2/accounts?application-id=751339316&asset-id=686509463&currency-greater-than=0
/v2/accounts?application-id=751340276&asset-id=751289888&currency-greater-than=0
/v2/accounts?application-id=751341083&asset-id=751289888&currency-greater-than=0
/v2/accounts?application-id=776214410&asset-id=776184808&currency-greater-than=0
/v2/accounts?application-id=776215541&asset-id=776185076&currency-greater-than=0
/v2/accounts?application-id=776217914&asset-id=776184808&currency-greater-than=0
/v2/accounts?application-id=776219872&asset-id=776185076&currency-greater-than=0
/v2/accounts?application-id=776223117&asset-id=776184808&currency-greater-than=0
/v2/accounts?application-id=776224055&asset-id=776185076&currency-greater-than=0
/v2/accounts?application-id=794069724&asset-id=794060802&currency-greater-than=0
/v2/accounts?application-id=794069724&asset-id=794060802&currency-greater-than=0&next=7A7ZXQHH4JL2C3ZXSGWNM7KVKQ72PC7WLFT6JLNAXXM4V4NYTU75QDVS5E
/v2/accounts?application-id=794073216&asset-id=794060802&currency-greater-than=0
/v2/accounts?application-id=794073216&asset-id=794060802&currency-greater-than=0&next=ZF4TL4YXIQ2YTX2WAX4E32R2I7V5RTGFHJDULMBLAVYWR3YICQHHFMGWBM
/v2/accounts?application-id=794075692&asset-id=794060802&currency-greater-than=0
/v2/accounts?application-id=794075692&asset-id=794060802&currency-greater-than=0&next=5HK7ZYBFEHQDATXMNW2ALJBZAO4HEN66BZ72DTHXEHPEO7CPRKUKQAF6OY
/v2/accounts?application-id=794078346&asset-id=794060802&currency-greater-than=0
/v2/accounts?application-id=794078346&asset-id=794060802&currency-greater-than=0&next=4FIGORUMI42BAADRDOLBOR5PKKLEYJJ45OUS3LTWBN4SXGS5AKRIUY5SRI
/v2/accounts?application-id=794079547&asset-id=794060802&currency-greater-than=0
/v2/accounts?application-id=794079547&asset-id=794060802&currency-greater-than=0&next=OEKWXM3MMPFXXKOIHR5HCVKWUM5Z5OFPSNWYBUASBQJDHAETUONZWDZII4
/v2/accounts?application-id=794083828&asset-id=794060802&currency-greater-than=0
/v2/accounts?application-id=794083828&asset-id=794060802&currency-greater-than=0&next=VQQUW2LBVMENGZOPG6Y2RIYR4VEVWULCZTM5CLSU7VUYWVNJROZP6SM6V4
/v2/accounts?application-id=805854329&asset-id=805848419&currency-greater-than=0
/v2/accounts?application-id=805856415&asset-id=805848419&currency-greater-than=0
/v2/accounts?application-id=818044129&asset-id=818036407&currency-greater-than=0
/v2/accounts?application-id=818045535&asset-id=818036407&currency-greater-than=0
/v2/accounts?application-id=818056982&asset-id=818036525&currency-greater-than=0
/v2/accounts?application-id=818059371&asset-id=818036407&currency-greater-than=0
/v2/accounts?application-id=818060413&asset-id=818036525&currency-greater-than=0
/v2/accounts?application-id=818061261&asset-id=818036407&currency-greater-than=0
/v2/accounts?application-id=971388977&exclude=assets%2Ccreated-assets%2Ccreated-apps&limit=1000&next=77RSMBPAKVCEB2QWY35FD6HLCOFZRPGJCZB6FIQJ333VPOADB5N6MOPIR4
/v2/accounts/B2QKI6Z5FTBLM7OPA2EC55MOTA56QZRC5M3AQ334X6C5VRGXRZ3UN3PK64
/v2/accounts/BFBQZ5NIWN4A6GTE4QNR3VBJNKMIFIRTYHMT7IJNFK57QJGZEWPKAQSPQI/assets?limit=1000
/v2/accounts/BFBQZ5NIWN4A6GTE4QNR3VBJNKMIFIRTYHMT7IJNFK57QJGZEWPKAQSPQI/assets?limit=1000&next=886452112
/v2/accounts/BFBQZ5NIWN4A6GTE4QNR3VBJNKMIFIRTYHMT7IJNFK57QJGZEWPKAQSPQI?exclude=all
/v2/accounts/BQVNINE25SUP2ZRYUPUTQ73GR7H5HREAF5QJVRCO45PD7X6KRY4IA7EPVM?exclude=created-assets,created-apps
/v2/accounts/BZ3MTGBCALVRYH3ZZXO3PKQZMIBWLE3SRE7QFTWOBJNZIPHYXYTUCSPTVI?exclude=created-assets,created-apps&include-all=false
/v2/accounts/C2UHXT343L4ZMDKTGUVIEFO4JDTFQ2LSQS3TFO2JSJE7TDX5F7J6KC7XMI?exclude=created-assets,created-apps&include-all=false
/v2/accounts/CJH2F7VGZKI4AS5Y33Q6EH2TZEQTFCQDYEUPISWHZYKUZO3BNWJKRMYX34
/v2/accounts/CRXXMFFM2Y3245Z5W5BRWVZPAR7XONV4LGLP2U2WE6ZGCQUEKZ6L3UITYY?exclude=apps-local-state%2Ccreated-apps
/v2/accounts/DFHEJ4ES6IK3DL3PNSUTODLDZVOOMGELGYFHYCNSY347BVEYCVDYONCUWQ?exclude=all
/v2/accounts/DFQY4PFSZLFQAFM4XDYLO2L6EC7DW7LMNVBPS3T32OA5AH4B67HR3SVFC4
/v2/accounts/DMBRVWQX37Q7PRKUD423NQRUGT4XYYMPWGJZCYXZAHGE4O5T5Y4Y7V4VTY?exclude=created-assets,created-apps&include-all=false
/v2/accounts/EEE4MGOSHO4JOKP7F6LOQDXJ4F4TR3X2MBWHRVOISZ3RURSVEAMGQPE53Y/assets
/v2/accounts/ESIWP27LIWQ26ZAG4LOBPF43KS2VPMXYJHVDOUOIITSVZGXY4XC6RTZ5FQ?include-all=true
/v2/accounts/EXRG35PPTABDNZ5VEPYABHJIYF2FTDVG5OV6FJ55BGNOK255HZRD3OVP3E/transactions?tx-type=axfer&asset-id=984541115&min-round=35718063&max-round=35718066
/v2/accounts/F5PQCRBGPASFOJTYOAMOOWNR5Q2GLLX7FMGCKOHP7TAOB4QNG4LQIXKQXU/apps-local-state?application-id=971389489
/v2/accounts/FPOU46NBKTWUZCNMNQNXRWNW3SMPOOK4ZJIN5WSILCWP662ANJLTXVRUKA
/v2/accounts/GAIEV4Q22ZIN5QK66QNSTELUOO5ZRUBW5DM6MWOJOFWOVIJSRQPO3OEMZ4
/v2/accounts/I37JDCOJCK2JSPRMV5HHFHQ54YU6J6VWCBCDNULIT5ZJWO357R2DJLGIBM
/v2/accounts/IDF2ORAAWCN3BAM6CSJXGPMZSU523REDVLRQBSOLD6LVMTAI3ZOGZ7B4YQ/apps-local-state?application-id=971388781
/v2/accounts/IMBFGHJ4KAKD47GX2L2UTJGOEZVEILZINLHGNCO6JU47KKXYVZRIYW6WKA?exclude=created-assets,created-apps&include-all=false
/v2/accounts/IVKGUV5LF7BKJ5CAX6YXYF67743FZEZ2Z5ZFGHQQ5ZF7YJVCGAT2MQJ46Y/apps-local-state?application-id=1002541853
/v2/accounts/J4QAMDDN355RDAAU2LLWCBXLRAKFTRKRBVAHZX3JVXEPXJEHCJD3RCXXE4?exclude=created-assets,created-apps&include-all=false
/v2/accounts/JADZYEIDHPHZAFSD45M7GOQSAEMETOMTUSHPHLXIMYJPSLKPADF52Y245I/apps-local-state?application-id=1002541853
/v2/accounts/JLESWWPC5JK3NJYLOL34KSM4TI2BZY7YQAHLS4H7M2Z4WNPN3IEBJ5K3SQ?exclude=created-assets,created-apps&include-all=false
/v2/accounts?limit=5000&application-id=1202382829&exclude=assets%2Ccreated-assets%2Ccreated-apps
/v2/accounts?limit=5000&application-id=971388977&exclude=assets%2Ccreated-assets%2Ccreated-apps
/v2/accounts?limit=5000&application-id=971389489&exclude=assets%2Ccreated-assets%2Ccreated-apps
/v2/accounts/M4XWJGMYTTEAEJ3D265PPV4TDCDE3YUYETHUWU34JWEEO2X5ML6R3KT4GA?
/v2/accounts/MLJWIXOZQA6ENMUGFUQCFPJWJCQOKE5CYSZQPI3UNWD4KUFXR47WRGIEBE
/v2/accounts/MUYLNT3Y3NP52LTIQNKXIQ64ZOZPFH433NSULQSMROWXDACDUAIDHSMYQQ/assets?limit=2500
/v2/accounts/NJUVQZMUN2MBILD7YKEZC3VMAWLH4KGW7PPSBNUJX7LUAABOQJTKJAHQII
/v2/accounts/NLCUYAW3R3YUSQ7TR2OTDZYF2S4BP3Q2UQUU5GXDGURUKU6JHIAEJNPSC4
/v2/accounts/O5PW7RVE4URXRR7ODTTZCJASXCGRHUJU7WJHGT45TFPAFVGVXJ3QS6H33A?
/v2/accounts/OQHHRNGDXMXTTLQXU54TGGT2AMF7PVSVOM3QTBGXBXY6HFJXDOADCWGVPQ/created-applications?limit=1000&next=886800450
/v2/accounts/P7KDBPTYJ3N4O7DNDH3MTXX5A3RGOR34CY2EOJL2HRMRYZUM5VFJJEA6F4?exclude=created-assets,created-apps&include-all=false
/v2/accounts/PP6VJ5NBUTAG65NORXHBEI4HC3WROJLATE5FPUOOVJUEK3O5DOFGGBPMNA/assets?asset-id=1412824906&include-all=true
/v2/accounts/QHFMCKBXVLZCAXCZV36WCQL6GTVK6AGCP4ZI5GYGM7S7FUPWECBFYPNHCE/apps-local-state?application-id=1002541853
/v2/accounts/R5Y6PRR2NEOS27HB2HGQFUMKUUMPXAYUBU4BHDXY4TCEYNSWGPOKGCV66Q/apps-local-state?application-id=1002541853
/v2/accounts/RFLQTYHTRAJ3ZCLRHYSPLRJVIQS7AWWDA44W76FW25EH6RJG4I23WGBI64?exclude=created-assets,created-apps&include-all=false
/v2/accounts/RGHACL6D3OYU6S3IEU5D67YDUCVLOELQ5RBLNNAYVISZRLLCKGWE2Y7B4A/apps-local-state?application-id=1093729103
/v2/accounts/RGHACL6D3OYU6S3IEU5D67YDUCVLOELQ5RBLNNAYVISZRLLCKGWE2Y7B4A?exclude=apps-local-state%2Ccreated-apps
/v2/accounts/SMZJ3UBXOLYVTO7OVVUUFKDPIBJARHHT2HRYQ4BTAP5JTKJ4A5UCHAVVNE/transactions?limit=10
/v2/accounts/SN4UPNPGG2TEB5OSMJSPMLSZFJHDDQSWPIUZY2M57JLICYLOW45RBEDUKM?exclude=assets%2Ccreated-assets
/v2/accounts/T2UZRL77I4YCX2ETENDWNTDDIIGVKD36YTTTR3YOQRUOILCAADCZTWNPZY?exclude=created-assets,created-apps&include-all=false
/v2/accounts/U5HXXPJAOICZAEKBZNMHHPIEKX3CLLEHAYC5LHLXMM7PWO4LFTOAQKZQ4M/transactions?tx-type=axfer&asset-id=1127406202&min-round=35718063&max-round=35718066
/v2/accounts/V2N4O527ZCTS3PTPTZM6H2TLNURPNZE7LJNEIKUPHGCCOSKXEXLBYZ75HY
/v2/accounts/VSGOCSBX2MA7NTQ22MRBZRKVTTCQAHXDCNICUSIX2ZG2KBCZSMCLQCNTOM
/v2/accounts/W64PRNHKHI453YMI5NPDXXEB5KLQCVQK25DXRLD7LAACHIY4HPZMQCEDOM/apps-local-state?application-id=971388977
/v2/accounts/WNA4H7Y3UGEVNEVVFU2TUDLMOMLWSV72UF6SYYRBOQ7IGDW4ZIOKYWNIWU
/v2/accounts/XMMDR5QIANKRYJT5KLHGQ6WBP4K7KTGPH3VOL7J3QB4OAY247Y6LT4TRDA?exclude=created-assets,created-apps&include-all=false
/v2/accounts/Z725IRHDQGPXR3DB43JS7EXK4NVUSVM72QFERVYRDHSG352VX5RRCFL76I/assets
/v2/accounts/Z725IRHDQGPXR3DB43JS7EXK4NVUSVM72QFERVYRDHSG352VX5RRCFL76I/assets?next=1434315662
/v2/accounts/Z725IRHDQGPXR3DB43JS7EXK4NVUSVM72QFERVYRDHSG352VX5RRCFL76I/assets?next=694273210
/v2/accounts/ZA42RCTLUMWUUB6SXEUNTI72LVSGV3TJIUTCGLNQF3KNOXFBMEPXNST3MA/apps-local-state?application-id=1002541853
/v2/accounts/ZAJUGOPY44M4IABUX5FJDO4L3HS4FEINPWIWGPDX7QNN6HCTCOAXAIN7PE/assets
/v2/accounts/ZAJUGOPY44M4IABUX5FJDO4L3HS4FEINPWIWGPDX7QNN6HCTCOAXAIN7PE/assets?next=1057956765
/v2/accounts/ZAJUGOPY44M4IABUX5FJDO4L3HS4FEINPWIWGPDX7QNN6HCTCOAXAIN7PE/assets?next=1436734827
/v2/accounts/ZIHB3IQBLIXUKWB4XNI4DL3CNEA2M6QHHEZ7P6OVXO2EOKPAWOU2IZKF2Y?include-all=true
/v2/accounts/ZPX7XVPSP5ZVM74U4GRHUN6GBA2V4YJZEIYLADI6IXNSSK3XCMHIQAEWFM
/v2/accounts/ZPX7XVPSP5ZVM74U4GRHUN6GBA2V4YJZEIYLADI6IXNSSK3XCMHIQAEWFM/assets
/v2/applications/1000168766?include-all=true
/v2/applications/1000169469?include-all=true
/v2/applications/1040271396
/v2/applications/1044267181
/v2/applications/1060585819
/v2/applications/1116366345
/v2/applications/1166977433
/v2/applications/1166980669
/v2/applications/1166982094
/v2/applications/1168319565
/v2/applications/1168322128
/v2/applications/1168322907
/v2/applications/1168752776?include-all=true
/v2/applications/1200551652
/v2/applications/1202382736
/v2/applications/1217112826
/v2/applications/1217159937?include-all=true
/v2/applications/1236515311
/v2/applications/1236998220
/v2/applications/1247053569
/v2/applications/1247810099
/v2/applications/1258524099
/v2/applications/1258807438
/v2/applications/1258808812
/v2/applications/1259774206/box?name=b64%3ABL8ySjI4IZLrrY1RvKhggdLo09v0nJSRBm6UQfaYJQkZ
/v2/applications/1259774206?include-all=true
/v2/applications/1259887372?include-all=true
/v2/applications/1275319623/logs?limit=50&min-round=35360742
/v2/applications/1282254855
/v2/applications/1378537105?include-all=true
/v2/applications/1382495430?include-all=true
/v2/applications/1389325166
/v2/applications/1389441195
/v2/applications/1389489146
/v2/applications/1397868605?include-all=true
/v2/applications/1399293103?include-all=true
/v2/applications/1399588883?include-all=true
/v2/applications/1409178092?include-all=true
/v2/applications/1409184881?include-all=true
/v2/applications/1409199566?include-all=true
/v2/applications/1433732009/box?name=b64%3AAGUPKxFB0TuGqSn%2BQ%2Fdddfm%2BfuQCp54IkslBP%2FZvzEQP
/v2/applications/1433732009?include-all=true
/v2/applications/559804711
/v2/applications/620995314
/v2/applications/626891678
/v2/applications/686498781
/v2/applications/818061261
/v2/applications/842125965/logs?min-round=35718066&max-round=35718066
/v2/applications/886454179
/v2/applications/971373611
/v2/applications/971388781
/v2/applications/971388977
/v2/applications/971389489
/v2/applications/991196662
/v2/assets/1024410930/balances
/v2/assets/1160680775/transactions?min-round=35718035
/v2/assets/1174230083?include-all=True
/v2/assets/1177978556?include-all=True
/v2/assets/1177978556/transactions?limit=10000&next=sgMhAgAAAAARAAAA&note-prefix=ew%3D%3D&tx-type=acfg
/v2/assets/1177978556/transactions?limit=10000&note-prefix=ew%3D%3D&tx-type=acfg
/v2/assets/1177978556/transactions?tx-type=acfg&address=JOURMYWUIJEZOEZ3L4FC72ZILQSYUKJVJSRHGXM3FIAIWN4RMBBNKAXW4M
/v2/assets/1181999968/transactions?min-round=35718051
/v2/assets/1228890560?include-all=True
/v2/assets/1228890560/transactions?limit=10000&next=8fj7AQAAAAAFAAAA&note-prefix=ew%3D%3D&tx-type=acfg
/v2/assets/1228890560/transactions?limit=10000&note-prefix=ew%3D%3D&tx-type=acfg
/v2/assets/1228891703?include-all=True
/v2/assets/1228891703/transactions?limit=10000&next=Ifn7AQAAAAAzAAAA&note-prefix=ew%3D%3D&tx-type=acfg
/v2/assets/1228891703/transactions?limit=10000&note-prefix=ew%3D%3D&tx-type=acfg
/v2/assets/1228892002/transactions?limit=10000&next=J_n7AQAAAAAGAAAA&note-prefix=ew%3D%3D&tx-type=acfg
/v2/assets/1228892002/transactions?limit=10000&note-prefix=ew%3D%3D&tx-type=acfg
/v2/assets/1228893371/transactions?limit=10000&next=S_n7AQAAAAABAAAA&note-prefix=ew%3D%3D&tx-type=acfg
/v2/assets/1228893371/transactions?limit=10000&note-prefix=ew%3D%3D&tx-type=acfg
/v2/assets/1228893644?include-all=True
/v2/assets/1228893644/transactions?limit=10000&next=Uvn7AQAAAAAAAAAA&note-prefix=ew%3D%3D&tx-type=acfg
/v2/assets/1228893644/transactions?limit=10000&note-prefix=ew%3D%3D&tx-type=acfg
/v2/assets/1228894587/transactions?limit=10000&next=b_n7AQAAAAAAAAAA&note-prefix=ew%3D%3D&tx-type=acfg
/v2/assets/1228894587/transactions?limit=10000&note-prefix=ew%3D%3D&tx-type=acfg
/v2/assets/1228895584/transactions?limit=10000&next=k_n7AQAAAAAHAAAA&note-prefix=ew%3D%3D&tx-type=acfg
/v2/assets/1228895584/transactions?limit=10000&note-prefix=ew%3D%3D&tx-type=acfg
/v2/assets/1228896079?include-all=True
/v2/assets/1228896079/transactions?limit=10000&next=pvn7AQAAAAASAAAA&note-prefix=ew%3D%3D&tx-type=acfg
/v2/assets/1228896079/transactions?limit=10000&note-prefix=ew%3D%3D&tx-type=acfg
/v2/assets/1228896725/transactions?limit=10000&next=tvn7AQAAAAAOAAAA&note-prefix=ew%3D%3D&tx-type=acfg
/v2/assets/1228896725/transactions?limit=10000&note-prefix=ew%3D%3D&tx-type=acfg
/v2/assets/1228897463?include-all=True
/v2/assets/1228897463/transactions?limit=10000&next=yvn7AQAAAAAAAAAA&note-prefix=ew%3D%3D&tx-type=acfg
/v2/assets/1228897463/transactions?limit=10000&note-prefix=ew%3D%3D&tx-type=acfg
/v2/assets/1228898040/transactions?limit=10000&next=2vn7AQAAAAAdAAAA&note-prefix=ew%3D%3D&tx-type=acfg
/v2/assets/1228898040/transactions?limit=10000&note-prefix=ew%3D%3D&tx-type=acfg
/v2/assets/1228898979?include-all=True
/v2/assets/1236515520
/v2/assets/1243850857
/v2/assets/127746157
/v2/assets/1283139906/transactions?min-round=35718043
/v2/assets/1378537579
/v2/assets/1382495617
/v2/assets/1397868757
/v2/assets/237913743/transactions?min-round=35718040
/v2/assets/359624611/transactions?min-round=35718018
/v2/assets/394935921
/v2/assets/411182963/transactions?min-round=35718053
/v2/assets/449485006/transactions?min-round=35718016
/v2/assets/559434557/balances
/v2/assets/584411213/transactions?after-time=2024-01-28T20:05:54.679Z&before-time=2024-02-04T20:05:54.679Z
/v2/assets/598341134/transactions?min-round=35718014
/v2/assets/626501959/balances
/v2/assets/664464508/transactions?min-round=35718014
/v2/assets/676958337/transactions?after-time=2024-01-28T20:05:53.870Z&before-time=2024-02-04T20:05:53.870Z
/v2/assets/686950449/transactions?after-time=2024-01-28T20:05:53.709Z&before-time=2024-02-04T20:05:53.709Z
/v2/assets/706093410/transactions?tx-type=acfg
/v2/assets/706101041/transactions?tx-type=acfg
/v2/assets/706116966/transactions?tx-type=acfg
/v2/assets/706411840/transactions?tx-type=acfg
/v2/assets/711047276/balances
/v2/assets/711047673/balances
/v2/assets/711048254/balances
/v2/assets/775089151/transactions?tx-type=acfg
/v2/assets/778429049/transactions?tx-type=acfg
/v2/assets/778430491/transactions?tx-type=acfg
/v2/assets/780048263/transactions?tx-type=acfg
/v2/assets/781798925/transactions?tx-type=acfg
/v2/assets/812861663?include-all=true
/v2/assets/815075619/transactions?min-round=35718042
/v2/assets/847646985/transactions?limit=10000&next=Ti1fAQAAAAAKAAAA&note-prefix=ew%3D%3D&tx-type=acfg
/v2/assets/847646985/transactions?limit=10000&note-prefix=ew%3D%3D&tx-type=acfg
/v2/assets/847647495/transactions?limit=10000&next=9UVfAQAAAAAVAAAA&note-prefix=ew%3D%3D&tx-type=acfg
/v2/assets/847647495/transactions?limit=10000&note-prefix=ew%3D%3D&tx-type=acfg
/v2/assets/847648006/transactions?limit=10000&next=ty1fAQAAAAAVAAAA&note-prefix=ew%3D%3D&tx-type=acfg
/v2/assets/847648006/transactions?limit=10000&note-prefix=ew%3D%3D&tx-type=acfg
/v2/assets/847648551/transactions?limit=10000&next=HEJfAQAAAAAwAAAA&note-prefix=ew%3D%3D&tx-type=acfg
/v2/assets/847648551/transactions?limit=10000&note-prefix=ew%3D%3D&tx-type=acfg
/v2/assets/847648674/transactions?limit=10000&next=DuFeAQAAAAAgAAAA&note-prefix=ew%3D%3D&tx-type=acfg
/v2/assets/847648674/transactions?limit=10000&note-prefix=ew%3D%3D&tx-type=acfg
/v2/assets/847648913/transactions?limit=10000&next=_t5eAQAAAAAAAAAA&note-prefix=ew%3D%3D&tx-type=acfg
/v2/assets/847648913/transactions?limit=10000&note-prefix=ew%3D%3D&tx-type=acfg
/v2/assets/847649111/transactions?limit=10000&next=Ad9eAQAAAAAKAAAA&note-prefix=ew%3D%3D&tx-type=acfg
/v2/assets/847649111/transactions?limit=10000&note-prefix=ew%3D%3D&tx-type=acfg
/v2/assets/847649229/transactions?limit=10000&next=At9eAQAAAAAjAAAA&note-prefix=ew%3D%3D&tx-type=acfg
/v2/assets/847649229/transactions?limit=10000&note-prefix=ew%3D%3D&tx-type=acfg
/v2/assets/847649602/transactions?limit=10000&next=SOFeAQAAAAACAAAA&note-prefix=ew%3D%3D&tx-type=acfg
/v2/assets/847649602/transactions?limit=10000&note-prefix=ew%3D%3D&tx-type=acfg
/v2/assets/847649715/transactions?limit=10000&next=C99eAQAAAABAAAAA&note-prefix=ew%3D%3D&tx-type=acfg
/v2/assets/847649715/transactions?limit=10000&note-prefix=ew%3D%3D&tx-type=acfg
/v2/assets/847650118/transactions?limit=10000&next=dS5fAQAAAAARAAAA&note-prefix=ew%3D%3D&tx-type=acfg
/v2/assets/847650118/transactions?limit=10000&note-prefix=ew%3D%3D&tx-type=acfg
/v2/assets/847650259/transactions?limit=10000&next=Ft9eAQAAAAACAAAA&note-prefix=ew%3D%3D&tx-type=acfg
/v2/assets/847650259/transactions?limit=10000&note-prefix=ew%3D%3D&tx-type=acfg
/v2/assets/847650981/transactions?limit=10000&next=oC5fAQAAAAA1AAAA&note-prefix=ew%3D%3D&tx-type=acfg
/v2/assets/847650981/transactions?limit=10000&note-prefix=ew%3D%3D&tx-type=acfg
/v2/assets/847651388/transactions?limit=10000&next=Kt9eAQAAAAATAAAA&note-prefix=ew%3D%3D&tx-type=acfg
/v2/assets/847651388/transactions?limit=10000&note-prefix=ew%3D%3D&tx-type=acfg
/v2/assets/847651519/transactions?limit=10000&next=-S5fAQAAAAAEAAAA&note-prefix=ew%3D%3D&tx-type=acfg
/v2/assets/847651519/transactions?limit=10000&note-prefix=ew%3D%3D&tx-type=acfg
/v2/assets/847651675/transactions?limit=10000&next=L99eAQAAAAAxAAAA&note-prefix=ew%3D%3D&tx-type=acfg
/v2/assets/847651675/transactions?limit=10000&note-prefix=ew%3D%3D&tx-type=acfg
/v2/assets/847651716/transactions?limit=10000&next=MN9eAQAAAAATAAAA&note-prefix=ew%3D%3D&tx-type=acfg
/v2/assets/847651716/transactions?limit=10000&note-prefix=ew%3D%3D&tx-type=acfg
/v2/assets/847651779/transactions?limit=10000&next=Md9eAQAAAAAmAAAA&note-prefix=ew%3D%3D&tx-type=acfg
/v2/assets/847651779/transactions?limit=10000&note-prefix=ew%3D%3D&tx-type=acfg
/v2/assets/847651869/transactions?limit=10000&next=M99eAQAAAAA4AAAA&note-prefix=ew%3D%3D&tx-type=acfg
/v2/assets/847651869/transactions?limit=10000&note-prefix=ew%3D%3D&tx-type=acfg
/v2/assets/847651910/transactions?limit=10000&next=Ni9fAQAAAAAIAAAA&note-prefix=ew%3D%3D&tx-type=acfg
/v2/assets/847651910/transactions?limit=10000&note-prefix=ew%3D%3D&tx-type=acfg
/v2/assets/847651946/transactions?limit=10000&note-prefix=ew%3D%3D&tx-type=acfg
/v2/assets/847651986/transactions?limit=10000&note-prefix=ew%3D%3D&tx-type=acfg
/v2/assets/847652005/transactions?limit=10000&note-prefix=ew%3D%3D&tx-type=acfg
/v2/assets/886409525/balances?limit=1000
/v2/assets/886452112/balances?limit=1000
/v2/assets/886452112/balances?limit=1000&next=2FYSCO6N2U6G5DPRRBY3BKZ6XQY3G57H6TN5WV7VCXF5Q5DUZSOY256LMU
/v2/assets/886452112/balances?limit=1000&next=77VXP54Z5SEFPX6GAVVJBJV7XQLSIZC4B7ASNHY32CRJCCHPTISSFDXUYU
/v2/assets/886452112/balances?limit=1000&next=MULILZCPNVCE3DZHTIWY4B2SDY2H3U2QN6KWZFFSS6JSFU6FWZFSXO3BBM
/v2/assets/886454179/transactions?min-round=25576004
/v2/assets/886749125/balances
/v2/assets/896337174/transactions?after-time=2024-01-28T20:05:53.719Z&before-time=2024-02-04T20:05:53.719Z
/v2/assets/977617102/transactions?min-round=25575928
/v2/assets/977617171/transactions?min-round=25575898
/v2/assets/977617229/transactions?min-round=25575926
/v2/assets/977617302/transactions?min-round=25575964
/v2/assets/977617382/transactions?min-round=25575868
/v2/assets/983058719?include-all=true
/v2/assets/983058918?include-all=true
/v2/assets/983059225?include-all=true
/v2/assets/983059834?include-all=true
/v2/assets/983067899?include-all=true
/v2/assets/983068753?include-all=true
/v2/assets?asset-id=1173866336&limit=1
/v2/assets?asset-id=1174009812&limit=1
/v2/assets?asset-id=1174230083&limit=1
/v2/assets?asset-id=127745593&limit=1
/v2/assets?asset-id=773937546
/v2/assets?asset-id=924268058&limit=1
/v2/blocks/19999999?headers-only=true
/v2/blocks/20000000?headers-only=true
/v2/blocks/35559902?header-only=true
/v2/blocks/35592758
/v2/blocks/35592759
/v2/blocks/35592760
/v2/blocks/35689440?header-only=true
/v2/blocks/35689444?header-only=true
/v2/blocks/35689447?header-only=true
/v2/blocks/35689454?header-only=true
/v2/blocks/35689458?header-only=true
/v2/blocks/35689950?header-only=true
/v2/blocks/35699399
/v2/blocks/35711989?header-only=true
/v2/blocks/35718061
/v2/blocks/35718063
/v2/blocks/35718064?header-only=true
/v2/blocks/35718065
/v2/blocks/35718065?header-only=true
/v2/blocks/35718066
/v2/blocks/35718066?header-only=true
/v2/blocks/35718066?header-only=True
/v2/blocks/35718067
/v2/blocks/35718067?header-only=true
/v2/blocks/35718067?header-only=True
/v2/blocks/35718068
/v2/blocks/35718069
/v2/transactions/2PLDYWQATEQ3OAS22YTA2EILWKKTNFRBKMOVMWDPTPOHV5OM2CYA
/v2/transactions/4OUWKWT2SEOLLJ27VKHCMSQR7B4RC4CVPJMJSQA63HEUOIDBW3CA
/v2/transactions?address=6PAUQLIQ3CXTRO272SYVC2W7EXYGGFFE5D6CM2MIJK5LSMNDETGBJVGZLU&address-role=receiver&tx-type=pay&note-prefix=ZHIg
/v2/transactions?address=6PAUQLIQ3CXTRO272SYVC2W7EXYGGFFE5D6CM2MIJK5LSMNDETGBJVGZLU&address-role=receiver&tx-type=pay&note-prefix=ZnIg
/v2/transactions?address=6PAUQLIQ3CXTRO272SYVC2W7EXYGGFFE5D6CM2MIJK5LSMNDETGBJVGZLU&address-role=sender&tx-type=pay&note-prefix=ZGEg
/v2/transactions?address=6PAUQLIQ3CXTRO272SYVC2W7EXYGGFFE5D6CM2MIJK5LSMNDETGBJVGZLU&address-role=sender&tx-type=pay&note-prefix=ZmEg
/v2/transactions?address=HCHP4KJ3I3CXQZATZWYHUJUTOKQ4YJRRIV2Y45FTEVGVL5OJQ3L35VFDZQ&min-round=35712944&max-round=35713944&address-role=receiver
/v2/transactions?address=JP3ENKDQC2BOYRMLFGKBS7RB2IVNF7VNHCFHVTRNHOENRQ6R4UN7MCNXPI&address-role=sender
/v2/transactions?address=KQMEN76UOQEHGXPBXUMRGW3KFI7Z57IFXBXWO77HAXYKMISCZF5CAOOITI&min-round=35688997&max-round=35689997
/v2/transactions?address=NZZZAM52BXCVPLH5BKSEDTZVW57HX7G5HMVWZEUNO6M6IZV3IR74O3AEDY&address-role=receiver&tx-type=pay&note-prefix=bHIg
/v2/transactions?address=NZZZAM52BXCVPLH5BKSEDTZVW57HX7G5HMVWZEUNO6M6IZV3IR74O3AEDY&address-role=receiver&tx-type=pay&note-prefix=ZHIg
/v2/transactions?address=NZZZAM52BXCVPLH5BKSEDTZVW57HX7G5HMVWZEUNO6M6IZV3IR74O3AEDY&address-role=receiver&tx-type=pay&note-prefix=ZnIg
/v2/transactions?address=NZZZAM52BXCVPLH5BKSEDTZVW57HX7G5HMVWZEUNO6M6IZV3IR74O3AEDY&address-role=sender&tx-type=pay&note-prefix=bGEg
/v2/transactions?address=NZZZAM52BXCVPLH5BKSEDTZVW57HX7G5HMVWZEUNO6M6IZV3IR74O3AEDY&address-role=sender&tx-type=pay&note-prefix=ZGEg
/v2/transactions?address=NZZZAM52BXCVPLH5BKSEDTZVW57HX7G5HMVWZEUNO6M6IZV3IR74O3AEDY&address-role=sender&tx-type=pay&note-prefix=ZmEg
/v2/transactions?address=NZZZAM52BXCVPLH5BKSEDTZVW57HX7G5HMVWZEUNO6M6IZV3IR74O3AEDY&address-role=sender&tx-type=pay&note-prefix=ZmY%3D
/v2/transactions?address=NZZZAM52BXCVPLH5BKSEDTZVW57HX7G5HMVWZEUNO6M6IZV3IR74O3AEDY&address-role=sender&tx-type=pay&note-prefix=ZmY%3D&next=c-yCAQAAAAAXAAAA
/v2/transactions?address-role=receiver&address=ROLLUPTOLLSHW5QVY3W5L2GRRS7MYGKHIOCG66IOPOISYCATHNPCD6AZPI&min-round=35718066&max-round=35718066&limit=1000
/v2/transactions?address=VINY6VJDHYYSKTRE54XHOUMS5ISV6A5XHOV3HMMLBNJNHNLIMYFRMLLXOI&min-round=35717566&max-round=35718066
/v2/transactions?application-id=1000169469&min-round=1
/v2/transactions?application-id=1021935547&min-round=1
/v2/transactions?application-id=1032471193&min-round=1
/v2/transactions?application-id=1032639437&min-round=1
/v2/transactions?application-id=1033498923&min-round=1
/v2/transactions?application-id=1033977514&min-round=35718066
/v2/transactions?application-id=1033977514&min-round=35718067
/v2/transactions?application-id=1035503264&min-round=1
/v2/transactions?application-id=1041908808&min-round=1
/v2/transactions?application-id=1044419211&min-round=1
/v2/transactions?application-id=1050642641&min-round=1
/v2/transactions?application-id=1050719085&min-round=35718066
/v2/transactions?application-id=1050719085&min-round=35718067
/v2/transactions?application-id=1054389086&min-round=1
/v2/transactions?application-id=1055913824&min-round=1
/v2/transactions?application-id=1056118522&min-round=1
/v2/transactions?application-id=1057947062&min-round=1
/v2/transactions?application-id=1060872094&min-round=1
/v2/transactions?application-id=1066704590&min-round=1
/v2/transactions?application-id=1072765779&min-round=1
/v2/transactions?application-id=1079325560&min-round=1
/v2/transactions?application-id=1080386628&min-round=1
/v2/transactions?application-id=1081739341&min-round=1
/v2/transactions?application-id=1082681851&min-round=1
/v2/transactions?application-id=1217159937&min-round=1
/v2/transactions?application-id=1256063618&min-round=35718067
/v2/transactions?application-id=1256065446&min-round=35718066
/v2/transactions?application-id=1256065446&min-round=35718067
/v2/transactions?application-id=1256066865&min-round=35718066
/v2/transactions?application-id=1256066865&min-round=35718067
/v2/transactions?application-id=1256070920&min-round=35718066
/v2/transactions?application-id=1256070920&min-round=35718067
/v2/transactions?application-id=1256072093&min-round=35718067
/v2/transactions?application-id=1256073191&min-round=35718066
/v2/transactions?application-id=1256073191&min-round=35718067
/v2/transactions?application-id=1259774206&min-round=1&limit=1
/v2/transactions?application-id=1259887372&min-round=1&limit=1
/v2/transactions?application-id=1265849839&min-round=35718067
/v2/transactions?application-id=1273568518&min-round=35718066
/v2/transactions?application-id=1273568518&min-round=35718067
/v2/transactions?application-id=1378537105&min-round=1
/v2/transactions?application-id=1382495430&min-round=1
/v2/transactions?application-id=1397868605&min-round=1
/v2/transactions?application-id=1399293103&min-round=1
/v2/transactions?application-id=1399588883&min-round=1
/v2/transactions?application-id=1403586486&min-round=35718067
/v2/transactions?application-id=1409178092&min-round=1
/v2/transactions?application-id=1409184881&min-round=1
/v2/transactions?application-id=1409199566&min-round=1
/v2/transactions?application-id=1421760711&min-round=35718067
/v2/transactions?application-id=1433732009&min-round=1&limit=1
/v2/transactions?application-id=771884869&min-round=35718066
/v2/transactions?application-id=771884869&min-round=35718067
/v2/transactions?application-id=830314595&min-round=35718066
/v2/transactions?application-id=830314595&min-round=35718067
/v2/transactions?application-id=857348615&min-round=35718066
/v2/transactions?application-id=857348615&min-round=35718067
/v2/transactions?asset-id=1245740466&after-time=2023-11-21T00%3A29%3A34Z&address=5ICMGTAO743EZHFQLN7FHHINN4RSMBAHLRWWYIWZAV6ZOCCLH5ARCQ2VIE
/v2/transactions?asset-id=1245740466&after-time=2023-12-02T09%3A53%3A22Z&address=6V4ZMIBOKD5ZAQRBRQU6OGBJGB6ZRXMNVOBYLNZN2LKID4VVQYWO2IJIMY
/v2/transactions?asset-id=1245740466&after-time=2024-01-05T05%3A03%3A49Z&address=7MXW4YVN6YSKM5754YXHMW65LIDGABFLNTTTCRR7O72ZVS7ZHELBIS7YEE
/v2/transactions?asset-id=446220964&currency-greater-than=700&currency-less-than=706&limit=100&max-round=35718064&min-round=35717848&tx-type=axfer
/v2/transactions/EQXGN4OXNMCJTARG5BRP7JEHACSNQ3UQNCOECFAL6H3PQ437DI3Q
/v2/transactions?limit=1000&next=mQMhAgAAAABoAAAA&round=35718041
/v2/transactions?limit=1000&next=qQMhAgAAAABQAAAA&round=35718057
/v2/transactions?limit=1000&round=35718058
/v2/transactions?limit=1&address=F7XKOKOU2F2TSHNEKB2ZHG5SZAET7X6GCSQUT62EV5MGF5EAZOCNGVPBDI&application-id=673925841
/v2/transactions?limit=25&min-round=32522897&application-id=813301700
/v2/transactions?limit=25&min-round=35211501&address=GUSN5SEZQTM77WE2RMNHXRAKP2ELDM7GRLOEE3GJWNS5BMACRK7JVS3PLE
/v2/transactions?limit=25&min-round=35689017&address=O7MYJZR3JQS5RYFJVMW4SMXEBXNBPQCEHDAOKMXJCOUSH3ZRIBNRYNMJBQ
/v2/transactions?limit=3000&next=pwMhAgAAAACVAAAA&round=35718055
/v2/transactions?limit=3000&next=qwMhAgAAAAB1AAAA&round=35718059
/v2/transactions?limit=3000&round=35718055
/v2/transactions?limit=3000&round=35718056
/v2/transactions?limit=3000&round=35718059
/v2/transactions?limit=5000&next=sgMhAgAAAABMAAAA&round=35718066
/v2/transactions?limit=5000&round=35718066
/v2/transactions?limit=500&application-id=1236515311&min-round=0&max-round=0
/v2/transactions?limit=500&application-id=1236515311&min-round=0&max-round=0&next=cFf_AQAAAAAIAAAA
/v2/transactions?limit=500&application-id=1236998220&min-round=0&max-round=0
/v2/transactions?limit=500&application-id=1242229313&min-round=0&max-round=0&next=knEBAgAAAAAAAAAA
/v2/transactions?limit=500&min-round=35718065&type=pay&address=N4O5O2FKWAI6TWY5WE2NRYWMMIJVDRV77Q7ZEUWAO46N2T7Q6GNB7WMISE
/v2/transactions?min-round=35718067&limit=2500
/v2/transactions?min-round=35718067&limit=5000&max-round=35719067
/v2/transactions?next=sgMhAgAAAABMAAAA&round=35718066
/v2/transactions/PJY2IDFW2FDZZ3N2IUBW72EDVXGPG7UZS27EGAH62J625EB3EZIA
/v2/transactions/RLTWWHPYINFEE23IUW7QXO5CDGUU36ZLMFOLTI3V3FNDFLRP64CQ
/v2/transactions/RNANC5KO4ZNVWQ2F7EJKKAJYZ7CBR46BPIAOYHFOTK5O63MNGWCA
/v2/transactions?round=35559901&limit=10000
/v2/transactions?round=35559901&limit=10000&next=3ZkeAgAAAAAxAAAA
/v2/transactions?round=35559902&limit=10000
/v2/transactions?round=35559902&limit=10000&next=3pkeAgAAAAA3AAAA
/v2/transactions?round=35718053&limit=10000
/v2/transactions?round=35718053&limit=10000&next=pQMhAgAAAACJAAAA
/v2/transactions?round=35718064
/v2/transactions?round=35718065
/v2/transactions?round=35718065&limit=1000
/v2/transactions?round=35718065&next=sQMhAgAAAABSAAAA&limit=1000
/v2/transactions?round=35718066
/v2/transactions?txid=5AFHWDUOI2L3XC4QIXG3ELRUJNNOINKJTR7UEUFHU3L5QZX2ADXA
/v2/transactions?txid=M2S6XTGVLNKDBXCYB5QYI3QOM35XLV7BPZ3URWBD45ONORPX62JQ
/v2/transactions?txid=TD26SGXP6VXQ7SRHLXLGPE5AJ7B5U66BWAYQND5C4RM3AA32YEWA
/v2/transactions?txid=YEQVTBACVBMXT74BBR5DOPMNMW55G47BVIPYLH7IUNPHPBTX3U2A
/v2/transactions?type=appl&min-round=35718063&limit=500&application-id=1242229313
/v2/transactions/WL4QIDCKEJHZWCRKUA25WTOHO2GB5U4UOGNCDBPAR5TSX5MCWC6Q
/v2/transactions/XCN4YTDDISIRPPPQAJXH4TPV3IXUI6DZVQROEAGLKVFQMLWTCXGQ
/v2/transactions/ZJEFTEP3E65JUVBBSO3PKZAMHFJ3S5TFYPNCEXBSRJEVBMDZN7SQ
/v2/transactions/ZXHT6PAPAYBNF7YUP6XPJANWQ6PILM6QZJJVLIZ4BIU47UCUBYNQ
